index,x,y
0,20,7.76140977443609
1,30,10.027413175132864
2,40,12.00600414321451
3,50,13.34505594237695
4,60,14.953294742366706
5,70,15.52458860825408
